keywords,titles
"phương, mưa, độ, địa, công, dân, tỉnh, địa phương, khu, biển, năng, lực, phòng, thống, đạo, to, vực, toàn, bảo, khu vực","Theo dõi chặt chẽ diễn biến của áp thấp nhiệt đới, bão và mưa lũ
Ngư dân Thanh Hóa, Nghệ An hối hả đưa tàu thuyền vào bờ tránh bão số 2
Miền Bắc mưa lớn suốt tuần
 Bắc Bộ mưa lớn diện rộng
Mưa giông gây hư hỏng nhiều ngôi nhà ở Phú Quốc, 6 tàu cá bị chìm
Ảnh hưởng bão số 2, Hà Nội mưa trên diện rộng
Hai người thiệt mạng do bão số 2
Bão số 2 gây sập, tốc mái nhiều nhà dân, trường học ở huyện đảo Kiên Hải
Dự báo thời tiết 3/8, Hà Nội mưa to
Kiên Giang: Cứu 12 người bị mưa giông đánh chìm phương tiện tại Phú Quốc
"
"dịch, giá, đồng, đầu, hàng, thị, xuất, thị trường, việt, usd, thủ, nam, việt nam, triệu, tướng, kinh, covid, phát, thủ tướng, tỷ","Thủ tướng: Dồn mọi nguồn lực xử lý kịp thời các ổ dịch
Thủ tướng Nguyễn Xuân Phúc: Cần dồn mọi nguồn lực xử lý kịp thời các ổ dịch
Đầu tháng 8 là thời điểm quyết định Covid-19 có bùng phát lớn hay không
Thủ tướng: 'Đầu tháng 8 là lúc mang tính quyết định dịch bùng phát quy mô lớn hay không'
Việt Nam xuất siêu 6,5 tỷ USD trong 7 tháng
Giá vàng sẽ tiếp tục lập những kỷ lục mới?
Giá xăng dầu ngày 3.8.2020: Giảm mạnh ngày đầu tuần
Giá vàng chinh phục đỉnh cao mới, tiềm ẩn nhiều rủi ro
Tỷ giá và lực đỡ 'dư tiền'
Giá vàng hôm nay 3/8: Lo sợ trước thời điểm lập kỷ lục mới
"
"bệnh, bệnh nhân, bệnh viện, đà nẵng, covid, nam, nhiễm, trị, điều trị, xét nghiệm, xét, tiếp, ghi nhận, ghi, tử vong, quảng nam, cách ly, khoa, mắc, ngày bệnh","Thêm 30 người nhiễm nCoV
Covid-19 lây nhiễm mạnh, 7 người trong một gia đình Quảng Nam mắc bệnh
Thêm 3 người TP HCM, 8 người Quảng Nam nhiễm nCoV
Nhiều hàng quán ở Đồng Nai đóng cửa vì 'bệnh nhân 595'
Thêm một người TP HCM, một Quảng Ngãi nhiễm nCoV
Thêm 28 người nhiễm nCoV
Thêm hai bệnh nhân Covid-19 tử vong
Bệnh nhân Covid-19 thứ ba tử vong
Bệnh nhân Covid-19 thứ 6 tử vong
Thêm 7 người Đà Nẵng, 5 người Quảng Nam nhiễm nCoV
"
"công, định, đồng, hàng, lý, bảo, đầu, công ty, nghiệp, hành, thu, tài, chi, doanh, thực, đầu tư, quy, kiểm, tiền, hiểm","Mục tiêu quan trọng nhất là bảo vệ con người
Gần 500 hộ dân bị treo sổ hồng vì chủ đầu tư khiếu kiện thuế
 Một số điểm mới về chế độ tai nạn lao động, bệnh nghề nghiệp
Ðảng bộ Kiểm toán Nhà nước đồng hành cùng sự nghiệp đổi mới, xây dựng và phát triển đất nước
Thu nhập 20 triệu/tháng, đây là cách tiết kiệm thông minh giúp sớm mua được nhà
Có nên bán đất dự án tỉnh để mua chung cư TP HCM?
Tập đoàn Sao Mai báo lãi quý II đạt 161 tỷ đồng
Giám đốc Công ty Tiên Phong Land bị bắt
Cả loạt cán bộ Quỹ tín dụng ở Thanh Hóa bị tố dùng bằng giả
Nữ đại gia cao tay, vẽ mấy tờ giấy lộn giật cả trăm tỷ đồng
"
"dịch, công, phòng, covid, báo, chống dịch, cách ly, chống, phòng chống, phong, phố, dân, thành, đà nẵng, khu, tiếp, xe, sở, thực, sinh","Giãn cách xã hội, phong tỏa nhiều tuyến phố tại TP Buôn Ma Thuột từ 3/8
Tình hình Covid-19 tại Điện Bàn ngày 3.8: Tiếp tục thông báo khẩn truy tìm các F1
Cách ly tại nhà, cô gái ở Kon Tum vẫn đi uống trà sữa
Tạm dừng đôi tàu du lịch tuyến Hà Nội - Lào Cai từ hôm nay
7 người tụ tập ăn uống tại nhà bị lập hồ sơ xử lý
Hà Nam phong tỏa một tổ dân phố có bệnh nhân Covid-19
Thực hiện cách ly xã hội TP Buôn Ma Thuột để phòng, chống dịch
Đà Nẵng thắp sáng những ""trái tim khổng lồ"" đẩy lùi Covid-19
Mắc kẹt trong tâm dịch
Đắk Lắk kêu gọi sinh viên ngành y chung tay phòng, chống dịch COVID-19
"
